time,,1002.html,1006.html,1010.html,1021.html,1041.html,1049.html,1078.html,1079.html,1086.html,1091.html,1105.html,1166.html,1184.html,1201.html,1222.html,1247.html,1248.html,1249.html,1259.html,1295.html,1325.html,1329.html,1354.html,1358.html,1371.html,1375.html,1386.html,1391.html,1424.html,1429.html,1430.html,1432.html,1433.html,1453.html,1465.html,1467.html,1473.html,1482.html,1487.html,1488.html,1489.html,1506.html,1508.html,1511.html,1541.html,1542.html,1543.html,158.html,1581.html,1584.html,1594.html,1598.html,1607.html,166.html,248.html,296.html,3-steps-for-promise-fast-approval.html,3-ways-to-get-out-of-loan-shark.html,306.html,308.html,315.html,323.html,330.html,341.html,349.html,357.html,384.html,4-ways-to-resolve-loan-shark.html,404.html,414.html,416.html,435.html,441.html,444.html,446.html,451.html,454.html,455.html,457.html,458.html,459.html,460.html,461.html,467.html,468.html,473.html,476.html,480.html,490.html,494.html,497.html,5-english-learning-tips.html,5-obstacles-to-saving-money.html,501.html,504.html,506.html,508.html,509.html,511.html,512.html,522.html,524.html,526.html,560.html,582.html,597.html,6-tips-control-wedding-budget.html,6-tips-for-passive-income.html,602.html,609.html,615.html,621.html,622.html,624.html,632.html,634.html,644.html,648.html,654.html,672.html,674.html,681.html,682.html,687.html,698.html,7-new-year-financial-planning-tips-for-salaryman.html,708.html,710.html,714.html,716.html,717.html,722.html,743.html,749.html,750.html,755.html,757.html,760.html,763.html,765.html,773.html,778.html,781.html,785.html,792.html,797.html,803.html,804.html,805.html,812.html,816.html,817.html,821.html,822.html,831.html,837.html,840.html,843.html,845.html,847.html,849.html,859.html,865.html,880.html,9-techniques-to-manage-debt.html,902.html,904.html,908.html,918.html,921.html,927.html,929.html,935.html,937.html,938.html,991.html,992.html,996.html,998.html,about.html,add-loan-by-app.html,application.html,apply-promise-loan-at-branch.html,best-expense-tracking-apps-2025.html,blog.html,borrow-money-urgently.html,branch.html,calculate-interest.html,cash-circulation.html,changepassword.html,cheap-hotel-reservation.html,check-installment-balance-by-app.html,check.html,confirm.html,consolidate-debt.html,contact.html,credit-application-while-in-debt.html,dds-ddr.html,definition-of-debt-consolidation.html,detail-pdf.html,detail.html,difference-between-secured-unsecured-loan.html,dress-for-job-interview-men.html,easy-e-receipt.html,emergency-money-solutions.html,error.html,ethics.html,fail-to-pay-debt.html,faq.html,favicon.ico,fee.html,financial-planning-for-family.html,flow.html,form.html,good-loan-in-1-hour.html,handling-unpaid-credit-card-debt.html,holiday-calendar-2025.html,how-to-check-scam.html,how-to-clear-blacklist-credit-bureau.html,how-to-get-50-tawi.html,how-to-get-rid-of-millions-in-dept.html,how-to-handle-cash-flow-problems.html,how-to-invest-stocks.html,how-to-manage-money-when-income-decreases.html,how-to-pass-japan-immigration-easily.html,how-to-restructure-debt.html,how-to-save-million-baht.html,how-to-save-money-tips-for-beginners-2025.html,how-to-start-a-business.html,how-to-web-member.html,how-to-worship-ganesha-at-home-offerings-and-mantras.html,increase-loan-limit.html,increase-promise-loan-limit-by-app.html,informationpolicy.html,inquery.html,job_1138.html,job_1146.html,job_1555.html,job_1558.html,job_1560.html,job_1571.html,job_1595.html,job_945.html,job_961.html,know-before-loan-without-guarantor.html,landing.html,lazy-trend-over-productivity.html,legal-loan-interest-rates.html,legal-loan-mobile-app.html,legal-money-loan-apps.html,list.html,loan-after-long-holidays.html,loan-applicant-qualification.html,loan-application-technique.html,loan-approval-5c-principles.html,loan-for-low-income.html,loan-short-term.html,loan-support-kids-education.html,loan-to-pay-debt.html,loan-to-pay-off-credit-card-debt.html,loan.html,loans-with-promise.html,login.html,logout.html,long-term-passive-income.html,lucky-colors-2025-feng-shui.html,luckydrawjaychanathip.html,mastercard-credit-card.html,mgm.html,money-laundry.html,money-management-apps.html,money-management-tips-for-single-parent.html,mutelu-for-2024.html,ndid-apply-loan-easy.html,ndid-mobile-apply.html,news.html,nline-jobs-make-money-from-home-2025.html,no-blacklist-bureau-word.html,notice.html,notification.html,occupation-trends-2025.html,online-loan-scam.html,otp.html,pay-installment-by-app.html,pay-promise-easy-by-promptpay.html,paying-minimum-credit-card.html,payment.html,personal-loan-early-repayment.html,personal-loan-guarantor.html,personal-loan-is.html,personal-loan-loan-limit.html,personal-loan-vs-nano-finance.html,personalloan-vs-cashcard.html,plan-retirement-investment-guide.html,prepare-to-apply-promise.html,preparing-salary-documents-before-loans.html,privacypolicy.html,promise-customer-add-loan.html,reasons-to-be-approved.html,register.html,registered.html,repayment.html,salaryman-20000-money-saving-technique.html,salaryman-tax-filing-2023.html,savings-interest-rates-comparison.html,scam-alert-fraudulent-money-app-transfers.html,scams-warning.html,service.html,session-expired.html,session-expired.html;jsessionid=E58239F43E4853B55F6B6A806B1B6648,sitemap.html,social-security-deduction-2025.html,social-security-loan.html,success-with-less-effort.html,success.html,systemmaintenance.html,tax-deduction-2025.html,tax-deduction-2567.html,top-9-legal-quick-cash-loans.html,travel-places-to-reduce-tax.html,types-of-loans.html,types-of-personal-loan.html,unemployment-benefits-check.html,unsecured-loan.html,up-skill-free.html,urgent-cash-legal-source.html,visa-vs-mastercard.html,wealthy-plants-for-2025.html,website-for-new-job.html,wedding-budget-saving-tips.html,what-back-tax.html,what-gold-saving.html,what-inflation-economic-stimulus.html,what-is-compound-interest.html,what-is-loan-interest.html,what-is-nanofinance.html,what-is-pawn.html,what-is-statement.html,what-is-working-capital.html,what-to-do-when-got-fired.html,where-to-join-songkran-2025.html,why-personal-loan-not-approve.html,why-us.html,work.html,yearly-horoscope-2025.html
13,29849.09432525073,1297.0,0.0,0.0,0.0,0.0,0.0,0.0,0.0,0.0,0.0,0.0,0.0,0.0,0.0,0.0,0.0,0.0,0.0,0.0,0.0,0.0,0.0,0.0,0.0,0.0,0.0,0.0,0.0,0.0,0.0,0.0,0.0,0.0,0.0,0.0,0.0,0.0,0.0,0.0,0.0,0.0,0.0,0.0,0.0,0.0,0.0,0.0,123.0,1312.0,0.0,0.0,0.0,1378.5,0.0,0.0,0.0,8084.0,7534.5,1338.0,0.0,0.0,0.0,0.0,0.0,0.0,1222.0,0.0,0.0,0.0,0.0,0.0,0.0,0.0,0.0,0.0,1369.0,0.0,0.0,0.0,0.0,1288.0,0.0,0.0,0.0,1250.0,1222.0,0.0,0.0,0.0,0.0,0.0,0.0,0.0,0.0,0.0,0.0,0.0,0.0,0.0,0.0,0.0,0.0,0.0,0.0,0.0,0.0,8330.0,8112.0,0.0,0.0,0.0,0.0,0.0,1260.0,0.0,0.0,0.0,0.0,0.0,0.0,0.0,0.0,0.0,0.0,0.0,0.0,0.0,0.0,0.0,1272.0,0.0,0.0,0.0,0.0,0.0,1445.0,0.0,0.0,10798.5,0.0,0.0,0.0,0.0,0.0,136.0,1306.0,1334.0,0.0,0.0,0.0,0.0,27220.0,0.0,0.0,0.0,0.0,1406.0,0.0,0.0,0.0,1380.0,0.0,0.0,0.0,0.0,0.0,0.0,0.0,0.0,0.0,0.0,0.0,0.0,36955.2,0.0,1317.0,0.0,0.0,0.0,1319.3017832647463,57006.0,54191.79149920838,7856.0,8469.0,0.0,7945.6,7847.277777777777,8352.6,0.0,46677.1935483871,0.0,0.0,6495.2625,1680.3040935672514,0.0,25604.693333333333,0.0,0.0,0.0,118168.625,86661.25925925926,0.0,0.0,0.0,7632.0,4812.272727272727,0.0,0.0,3239.181818181818,0.0,0.0,0.0,1815.3333333333333,6060.540540540541,8082.25,0.0,7736.733333333334,8348.166666666666,8024.333333333333,0.0,0.0,0.0,9481.0,32944.0,9205.333333333334,7727.0,0.0,8035.0,0.0,7434.0,8014.0,7785.0,0.0,1721.0,566537.470046083,0.0,0.0,0.0,0.0,0.0,0.0,0.0,0.0,0.0,8107.0,0.0,0.0,8211.0,0.0,8148.0,292017.7763157895,0.0,7539.0,8099.0,0.0,0.0,7989.0,0.0,4731.5,0.0,635521.59375,7909.0,89157.8734939759,3366.0,7879.0,0.0,0.0,0.0,7850.75,0.0,7576.4,0.0,0.0,0.0,2552.1111111111113,8109.692307692308,1645.0,8471.4,0.0,274.0,0.0,10184.0,46679.75,0.0,7653.5,8967.0,11370.653846153846,0.0,0.0,8864.0,7628.0,8295.0,8070.0,7997.0,7771.0,11089.0,3240.0,0.0,10127.5,132693.20833333334,8102.0,1827.6666666666667,0.0,0.0,7971.333333333333,0.0,0.0,2261.4054054054054,48735.17391304348,0.0,1126.0,7491.0,7771.0,0.0,1407.8173515981734,0.0,9406.0,8856.0,0.0,0.0,7850.0,0.0,7742.9,0.0,0.0,0.0,0.0,7657.0,0.0,0.0,0.0,7817.0,0.0,0.0,0.0,0.0,0.0,7770.333333333333,0.0,0.0,7945.0,0.0,7903.5,1467.3333333333333,11580.2
14,28785.49629717062,0.0,0.0,5309.0,0.0,0.0,0.0,0.0,0.0,0.0,0.0,0.0,0.0,0.0,1298.0,1725.0,0.0,0.0,0.0,0.0,0.0,0.0,0.0,0.0,0.0,0.0,0.0,0.0,0.0,0.0,0.0,0.0,0.0,0.0,0.0,0.0,2113.0,0.0,0.0,0.0,0.0,0.0,1258.0,0.0,0.0,0.0,0.0,0.0,0.0,0.0,1462.0,0.0,0.0,1297.0,0.0,0.0,1356.0,8290.666666666666,0.0,0.0,0.0,0.0,19992.0,0.0,0.0,0.0,1206.0,1423.0,0.0,1239.5,0.0,0.0,0.0,0.0,0.0,0.0,0.0,1291.0,1405.0,0.0,0.0,0.0,0.0,0.0,0.0,0.0,0.0,0.0,0.0,0.0,0.0,0.0,0.0,0.0,0.0,0.0,0.0,0.0,0.0,0.0,0.0,1342.0,0.0,0.0,0.0,281.0,0.0,0.0,0.0,349.0,0.0,0.0,2432.5,0.0,0.0,0.0,0.0,0.0,1750.0,0.0,0.0,0.0,0.0,0.0,0.0,0.0,0.0,0.0,0.0,0.0,0.0,0.0,0.0,55318.0,0.0,0.0,0.0,0.0,0.0,10791.0,0.0,0.0,0.0,0.0,0.0,0.0,0.0,0.0,297.0,0.0,0.0,0.0,0.0,0.0,0.0,0.0,0.0,0.0,0.0,0.0,1456.0,0.0,0.0,0.0,0.0,0.0,0.0,0.0,0.0,0.0,0.0,1515.0,0.0,0.0,46015.666666666664,0.0,0.0,0.0,0.0,0.0,1312.846998535871,0.0,41565.13880235376,7687.0,0.0,11560.0,14434.285714285714,4692.473684210527,7652.666666666667,7958.0,48851.12903225807,0.0,0.0,7446.565,2212.3401360544217,0.0,14364.298507462687,7550.0,0.0,0.0,77239.5,24328.5,7545.0,0.0,0.0,0.0,4445.166666666667,0.0,7683.6,4413.642857142857,665.0,0.0,0.0,1792.0869565217392,6430.862745098039,0.0,0.0,7638.970588235294,5982.75,8490.583333333334,7856.5,0.0,0.0,10390.0,0.0,10202.073170731708,0.0,0.0,0.0,0.0,0.0,8923.0,1791.0,88169.0,1610.0,705262.0492610837,0.0,0.0,0.0,0.0,0.0,0.0,0.0,0.0,0.0,0.0,215.0,0.0,8358.6,0.0,0.0,323566.2,0.0,0.0,0.0,7565.0,0.0,0.0,0.0,7883.0,0.0,574700.2941176471,0.0,77514.36742424243,3413.4166666666665,0.0,7889.333333333333,0.0,0.0,7055.25,0.0,5851.5,0.0,0.0,0.0,2607.090909090909,6185.8125,8143.0,0.0,0.0,269.5,0.0,0.0,118835.925,7998.0,7599.0,0.0,39461.88888888889,0.0,14372.0,0.0,7623.0,0.0,0.0,0.0,7576.0,0.0,3038.6,7534.333333333333,0.0,45145.6,3587.5,1841.0,8033.0,7961.0,7950.0,0.0,0.0,1811.4054054054054,37618.6,0.0,0.0,0.0,7599.0,0.0,8205.282828282829,8554.0,8454.333333333334,1586.0,10407.0,0.0,0.0,0.0,7520.666666666667,8056.0,0.0,0.0,0.0,0.0,0.0,0.0,0.0,7478.0,7841.0,7709.0,0.0,0.0,7766.0,7581.0,9168.0,0.0,496.0,0.0,0.0,0.0,11018.692307692309
15,23815.22837088541,0.0,45931.666666666664,0.0,0.0,0.0,0.0,0.0,0.0,0.0,0.0,0.0,0.0,0.0,1248.0,0.0,0.0,0.0,0.0,0.0,0.0,0.0,0.0,0.0,0.0,0.0,0.0,0.0,0.0,0.0,0.0,0.0,0.0,0.0,0.0,0.0,0.0,0.0,0.0,0.0,0.0,0.0,0.0,0.0,0.0,0.0,0.0,0.0,0.0,1228.0,0.0,1414.0,1748.0,0.0,0.0,0.0,0.0,7943.0,0.0,0.0,0.0,0.0,0.0,0.0,0.0,0.0,0.0,0.0,0.0,0.0,0.0,0.0,0.0,0.0,0.0,0.0,0.0,0.0,0.0,854.3333333333334,0.0,0.0,0.0,0.0,0.0,0.0,0.0,0.0,1342.0,0.0,0.0,0.0,0.0,0.0,0.0,0.0,0.0,0.0,0.0,1437.0,0.0,0.0,0.0,0.0,0.0,0.0,0.0,0.0,0.0,0.0,1334.0,0.0,0.0,0.0,0.0,0.0,0.0,11988.0,1181.0,0.0,0.0,0.0,0.0,0.0,0.0,0.0,0.0,0.0,0.0,0.0,0.0,1340.0,0.0,0.0,0.0,0.0,0.0,0.0,0.0,0.0,0.0,0.0,0.0,0.0,1820.0,0.0,0.0,0.0,0.0,0.0,0.0,0.0,0.0,0.0,0.0,0.0,0.0,0.0,0.0,1395.0,0.0,0.0,1653.0,0.0,0.0,0.0,0.0,0.0,0.0,0.0,0.0,0.0,0.0,0.0,0.0,0.0,0.0,0.0,0.0,0.0,1327.3995037220843,0.0,36928.61967737247,0.0,0.0,0.0,8250.75,6105.4,5092.0,0.0,39336.40540540541,0.0,24627.0,21071.916201117318,1544.2903225806451,7652.0,15923.275862068966,0.0,0.0,0.0,0.0,1110.5,7304.0,0.0,0.0,0.0,3361.25,2056.0,61048.5,2888.5714285714284,0.0,1724.0,0.0,1698.9545454545455,4200.9,0.0,0.0,7355.0,8413.0,27479.125,7668.0,0.0,0.0,1467.0,0.0,7794.411764705882,0.0,0.0,0.0,0.0,0.0,7803.0,7527.0,86857.0,1653.0,367963.537037037,0.0,0.0,0.0,0.0,0.0,0.0,0.0,0.0,0.0,7991.0,0.0,0.0,7786.5,0.0,8095.0,239304.81818181818,7624.0,0.0,7714.0,10799.0,0.0,0.0,3805.3333333333335,8009.5,7771.0,1390582.5833333333,0.0,87525.17040358744,0.0,0.0,7919.0,0.0,0.0,7630.1,0.0,5254.25,0.0,0.0,0.0,2438.0,4879.090909090909,0.0,7944.0,0.0,270.0,0.0,0.0,87230.71428571429,0.0,8102.5,0.0,7624.809523809524,7698.0,7528.0,0.0,7486.0,0.0,0.0,0.0,7533.0,0.0,3039.5,7365.0,10837.0,35292.818181818184,3681.0,1553.0,0.0,0.0,30191.0,0.0,0.0,1833.1875,2920.0810810810813,0.0,0.0,7612.0,0.0,0.0,3813.005617977528,6053.5,0.0,8851.0,8431.0,0.0,0.0,0.0,7785.571428571428,7826.0,0.0,0.0,0.0,0.0,0.0,0.0,7666.0,0.0,0.0,0.0,0.0,0.0,7936.0,14171.0,0.0,0.0,7475.0,8063.0,0.0,1907.0,29138.444444444445
16,20457.11827280795,0.0,61694.0,0.0,0.0,0.0,0.0,0.0,0.0,0.0,0.0,0.0,0.0,0.0,0.0,0.0,0.0,0.0,0.0,0.0,0.0,0.0,1278.0,1419.0,0.0,0.0,0.0,0.0,0.0,1404.0,0.0,0.0,0.0,0.0,0.0,0.0,0.0,0.0,0.0,0.0,0.0,0.0,1577.0,0.0,0.0,0.0,0.0,0.0,0.0,0.0,0.0,0.0,0.0,910.6666666666666,0.0,0.0,0.0,8063.666666666667,0.0,0.0,0.0,0.0,0.0,0.0,0.0,0.0,0.0,0.0,7869.0,1409.2155172413793,0.0,0.0,0.0,0.0,0.0,0.0,0.0,1237.0,0.0,0.0,0.0,0.0,0.0,0.0,0.0,0.0,0.0,0.0,0.0,1246.6666666666667,0.0,0.0,0.0,0.0,0.0,0.0,1409.0,1328.0,1328.0,0.0,0.0,0.0,1417.0,0.0,1286.0,0.0,0.0,0.0,7918.0,0.0,0.0,0.0,0.0,0.0,0.0,0.0,0.0,0.0,0.0,1659.0,0.0,0.0,0.0,0.0,0.0,0.0,0.0,0.0,0.0,0.0,0.0,0.0,0.0,0.0,0.0,0.0,1192.5,0.0,0.0,0.0,0.0,0.0,0.0,0.0,0.0,0.0,0.0,0.0,0.0,0.0,0.0,0.0,0.0,0.0,0.0,0.0,0.0,0.0,0.0,0.0,0.0,0.0,0.0,0.0,0.0,0.0,985933.0,0.0,0.0,0.0,0.0,0.0,0.0,0.0,40277.5,0.0,0.0,0.0,165.0,0.0,1395.2081545064377,0.0,28877.885388201255,0.0,0.0,0.0,8449.0,3764.8823529411766,0.0,0.0,13386.391304347826,7634.0,24939.0,6991.992063492064,1116.2083333333333,0.0,15627.78947368421,7690.0,0.0,0.0,0.0,62641.142857142855,0.0,8136.0,0.0,0.0,3128.5,0.0,0.0,2915.6,0.0,0.0,8117.0,1676.5384615384614,4162.666666666667,0.0,0.0,7101.307692307692,7972.0,8190.4,7957.0,0.0,0.0,0.0,0.0,12167.9375,0.0,0.0,0.0,0.0,0.0,8197.5,7676.0,82836.0,0.0,409084.8205128205,0.0,0.0,0.0,0.0,0.0,0.0,1472.0,0.0,0.0,0.0,0.0,0.0,7833.5,0.0,0.0,197217.19444444444,0.0,0.0,0.0,7561.0,0.0,7965.0,0.0,7983.333333333333,0.0,314835.0,0.0,79496.44811320755,4036.0,0.0,8473.5,0.0,7724.0,7483.25,2333.0,7726.0,0.0,1733.0,0.0,3004.25,6076.7,0.0,0.0,0.0,305.0,0.0,0.0,61058.0,0.0,7600.5,0.0,11543.08695652174,7405.0,7562.0,0.0,0.0,0.0,0.0,0.0,0.0,0.0,3047.3333333333335,7922.5,8507.0,46839.59259259259,0.0,1691.2,25074.0,0.0,7937.0,0.0,0.0,1830.8863636363637,3147.315789473684,0.0,1152.0,0.0,8345.0,0.0,1171.927536231884,0.0,10940.0,8883.0,8499.0,7830.0,0.0,7721.0,7638.0,0.0,0.0,0.0,0.0,0.0,0.0,0.0,7727.0,0.0,0.0,0.0,0.0,0.0,0.0,7802.0,0.0,0.0,7944.0,0.0,7537.0,1980.0,11848.0
17,16391.175511456826,0.0,0.0,0.0,0.0,0.0,0.0,0.0,0.0,0.0,0.0,0.0,0.0,0.0,0.0,1413.0,0.0,0.0,0.0,0.0,0.0,0.0,0.0,0.0,0.0,0.0,10800.0,0.0,0.0,0.0,0.0,0.0,4912.333333333333,0.0,0.0,0.0,0.0,0.0,0.0,0.0,1151.0,12270.0,0.0,207.0,0.0,0.0,16018.0,0.0,0.0,1229.0,0.0,0.0,0.0,0.0,0.0,0.0,0.0,0.0,0.0,0.0,0.0,0.0,0.0,0.0,0.0,0.0,0.0,0.0,0.0,0.0,0.0,0.0,0.0,0.0,0.0,0.0,0.0,0.0,0.0,0.0,0.0,0.0,10798.0,0.0,11208.0,0.0,0.0,0.0,0.0,0.0,0.0,3611.0,0.0,0.0,0.0,0.0,0.0,0.0,0.0,0.0,0.0,1172.0,0.0,1157.0,0.0,0.0,0.0,0.0,0.0,0.0,0.0,0.0,0.0,0.0,0.0,0.0,0.0,0.0,0.0,0.0,0.0,0.0,0.0,0.0,0.0,0.0,0.0,8141.0,0.0,0.0,0.0,1178.0,0.0,0.0,0.0,0.0,0.0,0.0,0.0,0.0,0.0,0.0,0.0,0.0,0.0,0.0,0.0,0.0,0.0,0.0,0.0,0.0,0.0,0.0,0.0,0.0,0.0,0.0,0.0,0.0,0.0,0.0,0.0,0.0,0.0,0.0,0.0,0.0,0.0,0.0,0.0,0.0,790444.0,1194.3333333333333,26719.0,0.0,0.0,0.0,0.0,0.0,1267.7648083623694,0.0,29353.94535666218,0.0,0.0,0.0,7917.0,5176.363636363636,0.0,0.0,40514.75,0.0,26583.0,6446.7052631578945,1193.388888888889,7599.0,14527.5,0.0,0.0,7056.0,0.0,56272.8,0.0,0.0,0.0,0.0,4222.333333333333,0.0,7398.0,2751.0,0.0,1793.5,0.0,1642.5714285714287,0.0,0.0,0.0,7241.0,7378.0,7778.666666666667,7619.0,8779.0,0.0,0.0,0.0,13884.714285714286,0.0,0.0,0.0,0.0,0.0,0.0,0.0,64724.0,0.0,228402.15151515152,0.0,0.0,0.0,0.0,0.0,0.0,0.0,0.0,0.0,0.0,0.0,0.0,7452.0,0.0,0.0,287894.25,0.0,0.0,0.0,0.0,0.0,0.0,0.0,0.0,0.0,0.0,0.0,104666.15277777778,0.0,0.0,7568.0,0.0,0.0,7312.0,2241.0,7186.5,7305.0,0.0,0.0,2569.1428571428573,4927.6,0.0,0.0,662.0,322.5,0.0,7379.5,90113.0,0.0,0.0,0.0,8082.833333333333,0.0,0.0,0.0,7197.0,0.0,0.0,0.0,0.0,0.0,3000.0,0.0,0.0,55383.63636363636,0.0,1682.0,0.0,0.0,7671.75,0.0,0.0,1842.6,3080.109589041096,0.0,926.2,0.0,7583.0,0.0,1068.2828282828282,0.0,8237.0,42921.666666666664,7889.0,0.0,0.0,0.0,7183.0,0.0,0.0,0.0,9676.0,0.0,7186.0,7285.333333333333,0.0,0.0,0.0,0.0,19320.0,0.0,0.0,7388.5,0.0,0.0,0.0,0.0,7664.0,2101.0,11213.625
18,14826.188929754842,0.0,0.0,0.0,0.0,0.0,2268.0,1397.0,123431.0,0.0,0.0,0.0,0.0,0.0,0.0,0.0,1225.0,14122.0,0.0,0.0,11071.0,0.0,0.0,0.0,0.0,0.0,0.0,11669.0,0.0,0.0,0.0,0.0,0.0,0.0,0.0,0.0,0.0,0.0,0.0,10561.0,0.0,0.0,0.0,0.0,0.0,0.0,0.0,0.0,0.0,1330.0,0.0,0.0,0.0,0.0,1164.0,0.0,0.0,7565.0,0.0,0.0,0.0,0.0,0.0,0.0,0.0,0.0,0.0,0.0,0.0,0.0,0.0,0.0,0.0,0.0,0.0,0.0,0.0,0.0,0.0,0.0,0.0,0.0,0.0,0.0,1164.0,0.0,0.0,0.0,0.0,0.0,0.0,0.0,31827.0,0.0,0.0,0.0,0.0,0.0,0.0,0.0,138.0,0.0,1191.0,0.0,0.0,0.0,0.0,0.0,0.0,0.0,0.0,0.0,0.0,0.0,0.0,0.0,1137.0,0.0,0.0,0.0,0.0,0.0,0.0,0.0,0.0,0.0,7529.0,0.0,4934.5,0.0,0.0,0.0,0.0,0.0,0.0,0.0,0.0,0.0,0.0,0.0,0.0,0.0,0.0,0.0,0.0,0.0,0.0,0.0,0.0,0.0,0.0,0.0,0.0,0.0,1183.0,0.0,0.0,0.0,0.0,0.0,0.0,0.0,0.0,0.0,0.0,0.0,0.0,0.0,0.0,0.0,0.0,0.0,0.0,0.0,26405.0,0.0,0.0,0.0,0.0,11714.0,1240.1270161290322,0.0,25850.146649260227,0.0,0.0,0.0,7834.166666666667,5389.571428571428,9067.0,0.0,8676.25,0.0,0.0,6247.690476190476,1021.9803921568628,0.0,15988.68,0.0,0.0,0.0,157546.0,53724.0,0.0,0.0,517.0,0.0,0.0,1899.4,0.0,2864.3333333333335,0.0,1645.3333333333333,0.0,1705.5384615384614,0.0,0.0,0.0,6135.125,0.0,7561.0,0.0,0.0,0.0,0.0,0.0,7568.166666666667,0.0,0.0,0.0,0.0,0.0,0.0,0.0,0.0,0.0,435907.36,0.0,0.0,0.0,0.0,0.0,0.0,0.0,0.0,0.0,0.0,0.0,7755.0,7954.0,0.0,0.0,955099.5555555555,0.0,0.0,0.0,7158.5,0.0,0.0,425.0,0.0,0.0,0.0,0.0,112738.24489795919,0.0,0.0,8167.0,0.0,7230.0,6920.6,0.0,7288.0,0.0,0.0,0.0,2424.0,5705.333333333333,0.0,7490.0,0.0,273.0,9524.0,7304.0,0.0,0.0,0.0,0.0,11378.4,0.0,0.0,0.0,0.0,0.0,0.0,0.0,7187.0,0.0,2990.0,0.0,8080.0,74445.80769230769,0.0,1602.5,0.0,0.0,7516.0,0.0,0.0,1753.4166666666667,3014.0,0.0,1089.0,0.0,7443.5,7788.0,1025.3333333333333,9421.0,8151.0,8424.0,0.0,7240.0,0.0,0.0,6115.0,7300.0,7365.0,0.0,0.0,7197.0,0.0,0.0,0.0,0.0,0.0,0.0,0.0,7454.0,7221.0,7203.0,0.0,0.0,7286.0,0.0,0.0,0.0,11002.0
19,20834.957498414118,0.0,0.0,1518.0,12366.0,0.0,0.0,0.0,0.0,10711.0,0.0,0.0,11123.0,0.0,0.0,0.0,0.0,0.0,0.0,0.0,0.0,0.0,6667.5,0.0,0.0,0.0,0.0,0.0,5246.333333333333,0.0,0.0,0.0,0.0,0.0,1249.3333333333333,14393.0,0.0,0.0,0.0,0.0,1189.0,1237.0,0.0,0.0,1320.0,0.0,1672.0,0.0,0.0,0.0,0.0,0.0,0.0,0.0,0.0,11050.0,0.0,7585.0,0.0,0.0,0.0,0.0,0.0,0.0,0.0,183.0,0.0,0.0,0.0,0.0,0.0,0.0,10682.0,0.0,0.0,0.0,0.0,0.0,0.0,0.0,0.0,0.0,0.0,10734.0,0.0,0.0,0.0,0.0,0.0,0.0,0.0,0.0,0.0,7465.0,1233.0,0.0,0.0,0.0,0.0,0.0,213.0,1321.0,0.0,0.0,0.0,0.0,10619.0,0.0,0.0,0.0,0.0,12802.0,0.0,1162.0,0.0,0.0,0.0,0.0,0.0,0.0,0.0,0.0,0.0,0.0,8097.0,0.0,0.0,0.0,0.0,0.0,0.0,0.0,0.0,0.0,10723.0,179.0,0.0,9139.0,27626.0,0.0,10687.0,1256.0,0.0,8152.0,0.0,0.0,12017.0,0.0,0.0,0.0,0.0,1145.0,0.0,0.0,0.0,0.0,0.0,0.0,8503.0,0.0,0.0,0.0,0.0,0.0,0.0,0.0,0.0,10388.0,8630.0,0.0,0.0,0.0,0.0,0.0,0.0,0.0,0.0,27971.0,0.0,0.0,1289.5866666666666,0.0,25064.479445015415,0.0,0.0,0.0,7980.125,3102.4,0.0,0.0,49634.125,0.0,0.0,6906.809523809524,1070.878048780488,7461.0,11229.888888888889,0.0,0.0,0.0,137965.0,24744.0,0.0,0.0,0.0,0.0,0.0,1946.0,0.0,2873.25,0.0,0.0,0.0,1690.125,0.0,7858.0,0.0,5292.75,0.0,7673.333333333333,0.0,0.0,0.0,0.0,0.0,13143.875,0.0,30589.0,0.0,0.0,0.0,0.0,0.0,91056.0,1701.0,569918.4782608695,0.0,12501.0,0.0,0.0,0.0,0.0,0.0,1340.0,0.0,0.0,0.0,0.0,0.0,0.0,7689.0,99460.0625,0.0,0.0,0.0,0.0,0.0,0.0,0.0,7381.0,0.0,0.0,0.0,78490.23456790124,2967.2,0.0,0.0,0.0,0.0,0.0,0.0,0.0,0.0,0.0,0.0,2405.0,5162.75,0.0,0.0,0.0,0.0,0.0,0.0,0.0,0.0,4443.0,8925.0,8299.75,0.0,0.0,0.0,7115.0,0.0,0.0,0.0,7329.0,0.0,3162.0,0.0,8236.0,9762.0,0.0,1630.75,0.0,0.0,7595.0,0.0,0.0,1781.5454545454545,3358.417910447761,3064.5,0.0,0.0,0.0,0.0,1021.7611940298508,0.0,0.0,0.0,0.0,0.0,0.0,0.0,7582.0,0.0,0.0,31053.0,36763.0,0.0,0.0,0.0,0.0,0.0,0.0,0.0,0.0,0.0,0.0,0.0,0.0,31250.0,0.0,0.0,0.0,0.0,11329.666666666666
20,18746.389117694816,0.0,0.0,0.0,0.0,140617.0,0.0,1402.0,0.0,0.0,38097.0,183262.0,0.0,10896.0,0.0,0.0,0.0,0.0,11119.0,1625.0,0.0,1396.0,0.0,0.0,14590.0,14877.0,0.0,1320.0,0.0,0.0,0.0,15907.0,0.0,10916.0,0.0,0.0,0.0,0.0,1269.0,1139.0,1394.0,0.0,0.0,0.0,0.0,1210.0,0.0,2898.0,0.0,1302.0,0.0,1332.0,0.0,0.0,0.0,0.0,0.0,7799.0,7257.0,0.0,11559.0,172.0,0.0,1210.0,0.0,0.0,0.0,0.0,0.0,1089.0,0.0,1221.0,0.0,10820.0,7861.0,0.0,0.0,0.0,0.0,0.0,0.0,0.0,0.0,0.0,0.0,0.0,0.0,10192.0,0.0,0.0,1247.0,0.0,0.0,0.0,0.0,10692.0,0.0,0.0,0.0,0.0,0.0,0.0,0.0,0.0,0.0,0.0,0.0,1446.0,0.0,0.0,0.0,0.0,0.0,0.0,0.0,10393.0,0.0,0.0,0.0,0.0,12031.0,0.0,1299.0,0.0,0.0,0.0,0.0,0.0,0.0,8217.0,0.0,0.0,8292.0,0.0,0.0,0.0,0.0,0.0,0.0,0.0,0.0,0.0,10989.0,0.0,0.0,0.0,0.0,0.0,0.0,1181.0,1478.0,0.0,0.0,1191.0,1194.0,0.0,8167.0,0.0,0.0,0.0,0.0,0.0,0.0,96468.0,829974.0,0.0,0.0,0.0,0.0,0.0,9257.0,0.0,0.0,0.0,27054.0,1275.0,0.0,0.0,0.0,0.0,1298.5183246073298,0.0,25225.74805970149,0.0,0.0,0.0,8019.833333333333,5074.6,0.0,0.0,32588.615384615383,0.0,0.0,6215.33962264151,2616.725490196078,0.0,14969.0,0.0,114967.0,0.0,0.0,45790.5,0.0,0.0,0.0,0.0,5575.7692307692305,0.0,7453.0,2898.0,0.0,1608.0,0.0,1717.5,11561.0625,0.0,0.0,7136.0,7541.0,7703.5,0.0,0.0,0.0,8905.0,0.0,7765.0,0.0,0.0,0.0,0.0,28238.0,0.0,0.0,0.0,1587.0,409383.17741935485,159.0,0.0,313918.0,0.0,12175.0,0.0,0.0,0.0,0.0,7740.0,0.0,0.0,7595.0,0.0,0.0,174650.0,0.0,0.0,8042.0,0.0,7343.0,0.0,0.0,0.0,7620.0,641299.8181818182,0.0,73072.99047619048,3714.5,0.0,7437.0,172.0,0.0,5913.5,2274.6666666666665,7364.0,0.0,0.0,0.0,2399.5,5757.0,0.0,0.0,0.0,0.0,9489.5,0.0,1563895.6923076923,0.0,0.0,0.0,14393.9,0.0,0.0,0.0,0.0,0.0,7248.0,0.0,0.0,0.0,3038.0,0.0,8219.0,58489.458333333336,5806.0,1647.0,0.0,0.0,0.0,30582.0,12070.0,1794.4666666666667,3305.813559322034,0.0,0.0,0.0,7403.0,0.0,1092.0,0.0,8144.0,0.0,0.0,0.0,0.0,0.0,7638.0,7354.0,0.0,0.0,0.0,7225.0,0.0,0.0,0.0,0.0,0.0,0.0,0.0,0.0,0.0,0.0,0.0,0.0,0.0,0.0,0.0,0.0,13764.5
21,23060.66165855423,0.0,0.0,0.0,0.0,0.0,0.0,0.0,0.0,0.0,0.0,0.0,0.0,0.0,0.0,0.0,0.0,0.0,0.0,0.0,0.0,0.0,0.0,0.0,0.0,0.0,0.0,0.0,0.0,0.0,1329.0,0.0,0.0,0.0,0.0,0.0,0.0,1205.0,0.0,0.0,0.0,0.0,0.0,0.0,0.0,0.0,0.0,516.0,0.0,1328.0,0.0,0.0,1562.0,0.0,0.0,0.0,0.0,0.0,0.0,0.0,0.0,0.0,0.0,0.0,10497.0,0.0,0.0,0.0,0.0,0.0,10779.0,0.0,0.0,0.0,0.0,10863.0,0.0,0.0,0.0,0.0,1166.0,0.0,0.0,0.0,0.0,0.0,0.0,0.0,0.0,0.0,0.0,179.0,0.0,0.0,0.0,0.0,5885.5,0.0,0.0,0.0,0.0,0.0,0.0,0.0,0.0,0.0,0.0,0.0,0.0,0.0,0.0,0.0,0.0,0.0,0.0,0.0,0.0,0.0,0.0,0.0,0.0,1258.0,0.0,8377.0,0.0,10866.0,0.0,0.0,0.0,0.0,0.0,0.0,0.0,0.0,0.0,0.0,0.0,0.0,0.0,0.0,0.0,0.0,0.0,0.0,0.0,0.0,0.0,0.0,0.0,0.0,0.0,0.0,0.0,0.0,0.0,1159.0,0.0,0.0,0.0,0.0,0.0,0.0,0.0,0.0,0.0,30415.0,0.0,0.0,0.0,180200.0,0.0,0.0,0.0,0.0,0.0,0.0,0.0,0.0,0.0,0.0,1282.8791946308725,0.0,30665.234972677597,0.0,0.0,0.0,7952.8,3722.7272727272725,0.0,0.0,26714.529411764706,0.0,23931.0,6535.266666666666,2523.8837209302324,0.0,11533.933333333332,0.0,0.0,0.0,0.0,0.0,0.0,0.0,0.0,0.0,5310.777777777777,0.0,0.0,2890.5714285714284,0.0,0.0,0.0,1717.375,5862.545454545455,0.0,33181.0,255.0,7818.0,7621.0,0.0,8795.0,32049.0,8827.0,0.0,7451.5,0.0,0.0,0.0,8031.5,0.0,0.0,7524.0,0.0,1579.0,225342.0,0.0,0.0,0.0,12339.0,0.0,11736.0,0.0,0.0,141.0,0.0,0.0,0.0,7556.0,30158.0,0.0,364828.5,0.0,0.0,0.0,0.0,0.0,0.0,0.0,0.0,0.0,324631.8333333333,0.0,74438.56818181818,3700.0,0.0,7661.0,0.0,0.0,7030.0,0.0,0.0,0.0,0.0,7651.0,2386.25,5691.666666666667,0.0,0.0,0.0,309.0,0.0,0.0,1543735.1666666667,0.0,0.0,0.0,14117.0,0.0,0.0,0.0,0.0,0.0,0.0,0.0,0.0,0.0,3094.5,0.0,0.0,49509.029411764706,0.0,0.0,0.0,0.0,0.0,0.0,0.0,1586.875,3321.8715596330276,0.0,1081.0,0.0,7171.0,0.0,1106.3239436619717,0.0,0.0,0.0,0.0,0.0,0.0,0.0,7168.0,0.0,0.0,0.0,0.0,0.0,0.0,0.0,7281.0,0.0,0.0,0.0,0.0,0.0,0.0,7316.5,0.0,0.0,0.0,0.0,0.0,2005.0,11134.0
